{
  "pick": [
    -398.0505065917968,
    -848.1060180664062,
    23.37776947021484,
    176.105514526367,
    2.815107583999634,
    19.25798416137695
  ],
  "place": [
    -950.9087524414062,
    -270.2564697265625,
    -8.1502685546875,
    -179.2356872558593,
    -0.36143115162849426,
    -30.14071083068847
  ],
  "tool": 2,
  "user": 0,
  "approach_z_mm": 150
}