{
  "trajectory_csv": "C:\\Users\\VivekVijaykumar\\Desktop\\Fairino\\robot_traj_pipe_mm.csv",
  "indices": [
    0,
    56,
    112,
    168
  ],
  "camera_points": [
    [
      1119.9999999999989,
      -1.8189894035458565e-12,
      1244.9999999999952
    ],
    [
      1047.9364963096361,
      -47.943669710321785,
      843.6472996545476
    ],
    [
      938.3423323198463,
      -217.39839859381686,
      365.82172932212654
    ],
    [
      945.4990202559262,
      -826.8602305334218,
      646.1691930433117
    ]
  ],
  "robot_points": [
    [
      223.9385833740234,
      -917.39892578125,
      20.23970794677734
    ],
    [
      -828.5079345703125,
      114.2454605102539,
      29.95427322387695
    ],
    [
      -1376.59716796875,
      -401.830078125,
      22.52531242370605
    ],
    [
      -355.10888671875,
      -1453.051635742187,
      18.76705169677734
    ]
  ],
  "affine_camera_to_robot": [
    [
      -40.291036077016706,
      2.2605538239802914,
      9.586531984854076,
      33414.66666848925
    ],
    [
      103.76724749827078,
      -6.454728247838258,
      -20.430938780474513,
      -91700.19734215313
    ],
    [
      1.2012530020272614,
      -0.08538397534987069,
      -0.22969185015986143,
      -1039.197300874721
    ]
  ],
  "default_rpy": [
    150.7784271240234,
    17.12552261352539,
    22.81778526306152
  ]
}